Parameter,Traditional (AODV),Our Protocol
End-to-End Delay (ms),205.23666666666668,35.24666666666666
PDR (%),64.16666666666667,88.71
Throughput (Mbps),1.1183333333333334,1.707
Routing Overhead (pkts),155.55666666666664,106.00666666666666
Travel Time (s),97.96333333333332,68.55666666666667
Congestion Index (0-1),0.3955666666666667,0.25706666666666667
